timestamp,frame_number,object_id,class_name,confidence,bbox_x1,bbox_y1,bbox_x2,bbox_y2,center_x,center_y,zone_violation,zone_name,track_length,movement_status
2025-09-27T13:59:10.947927,2,,person,0.8850463032722473,0,134,635,479,0,0,False,,0,
2025-09-27T13:59:11.519611,3,,person,0.805911660194397,0,172,587,479,0,0,False,,0,
2025-09-27T13:59:12.075512,4,,person,0.7915552258491516,1,180,623,479,0,0,False,,0,
2025-09-27T13:59:12.668456,5,,person,0.6817032098770142,3,180,626,479,0,0,False,,0,
2025-09-27T13:59:13.157688,6,,person,0.6870761513710022,1,160,633,479,0,0,False,,0,
2025-09-27T13:59:13.785042,7,,person,0.8358854651451111,0,165,634,479,0,0,False,,0,
2025-09-27T13:59:14.436220,8,,person,0.6703168749809265,0,175,635,479,0,0,False,,0,
2025-09-27T13:59:14.982345,9,,person,0.7855772972106934,0,174,555,479,0,0,False,,0,
2025-09-27T13:59:15.686885,10,,person,0.8409683704376221,0,174,510,479,0,0,False,,0,
2025-09-27T13:59:16.252547,11,,person,0.8036493062973022,0,172,581,479,0,0,False,,0,
2025-09-27T13:59:16.790494,12,,cat,0.5366546511650085,0,0,429,479,0,0,False,,0,
2025-09-27T13:59:17.468194,13,,person,0.7975513935089111,0,16,409,479,0,0,False,,0,
2025-09-27T13:59:17.968167,14,,person,0.8557627201080322,104,59,519,479,0,0,False,,0,
2025-09-27T13:59:18.600580,15,,person,0.8814423084259033,0,85,433,479,0,0,False,,0,
2025-09-27T13:59:19.231404,16,,person,0.8197919726371765,70,120,554,480,0,0,False,,0,
2025-09-27T13:59:19.756306,17,,person,0.7935784459114075,38,56,436,480,0,0,False,,0,
2025-09-27T13:59:20.403640,18,,person,0.8944430351257324,27,1,639,477,0,0,False,,0,
2025-09-27T13:59:20.965363,19,,person,0.8488561511039734,75,0,615,476,0,0,False,,0,
2025-09-27T13:59:21.551533,20,,person,0.9055440425872803,11,0,627,480,0,0,False,,0,
2025-09-27T13:59:22.198373,21,,person,0.9321726560592651,11,0,635,479,0,0,False,,0,
2025-09-27T13:59:22.741232,22,,person,0.8416485786437988,6,0,637,480,0,0,False,,0,
2025-09-27T13:59:23.336124,23,,person,0.9057539105415344,6,0,638,475,0,0,False,,0,
2025-09-27T13:59:24.001320,24,,person,0.9272093176841736,2,1,640,478,0,0,False,,0,
2025-09-27T13:59:24.475556,25,,person,0.9293821454048157,1,0,640,480,0,0,False,,0,
2025-09-27T13:59:25.184055,26,,person,0.9235922694206238,0,0,639,480,0,0,False,,0,
2025-09-27T13:59:25.799081,27,,person,0.9345492124557495,0,0,639,480,0,0,False,,0,
2025-09-27T13:59:37.373888,28,,person,0.9077144861221313,46,4,640,480,0,0,False,,0,
2025-09-27T13:59:37.373888,28,,refrigerator,0.5866681337356567,0,109,164,460,0,0,False,,0,
2025-09-27T13:59:37.857411,29,,person,0.876767098903656,59,21,636,479,0,0,False,,0,
2025-09-27T13:59:37.857411,29,,tennis racket,0.7699856758117676,461,57,565,135,0,0,False,,0,
2025-09-27T13:59:38.397491,30,,person,0.918305516242981,65,27,637,478,0,0,False,,0,
2025-09-27T13:59:38.397491,30,,tennis racket,0.569160521030426,462,57,565,136,0,0,False,,0,
2025-09-27T13:59:39.059415,31,,person,0.7258153557777405,22,35,596,479,0,0,False,,0,
2025-09-27T13:59:52.567625,32,,person,0.6501317024230957,195,240,541,479,0,0,False,,0,
2025-09-27T14:00:06.859247,33,,person,0.6551099419593811,177,244,436,479,0,0,False,,0,
2025-09-27T14:00:32.504922,35,,person,0.7003663182258606,180,249,454,479,0,0,False,,0,
2025-09-27T14:00:42.389307,37,,person,0.7566014528274536,182,261,450,479,0,0,False,,0,
2025-09-27T14:01:28.290077,1,,person,0.5521481037139893,181,261,439,479,0,0,False,,0,
2025-09-27T14:01:42.381432,2,,person,0.6170526742935181,172,261,442,479,0,0,False,,0,
2025-09-27T14:02:05.074138,4,,person,0.5219423174858093,177,258,446,479,0,0,False,,0,
2025-09-27T14:02:19.120054,6,,person,0.7882353067398071,148,198,638,479,0,0,False,,0,
2025-09-27T14:02:19.762826,7,,person,0.9275094866752625,149,159,639,479,0,0,False,,0,
2025-09-27T14:02:20.229670,8,,person,0.8946559429168701,138,76,640,479,0,0,False,,0,
2025-09-27T14:02:29.029787,9,,person,0.8120854496955872,161,208,639,479,0,0,False,,0,
2025-09-27T14:02:29.268235,10,,person,0.9528719186782837,145,198,502,479,0,0,False,,0,
2025-09-27T14:02:29.510348,11,,person,0.9522431492805481,144,198,502,479,0,0,False,,0,
2025-09-27T14:02:29.760212,12,,person,0.951836884021759,145,199,503,479,0,0,False,,0,
2025-09-27T14:02:30.005039,13,,person,0.9568454027175903,147,200,506,479,0,0,False,,0,
2025-09-27T14:02:30.422966,14,,person,0.9561910033226013,147,202,507,479,0,0,False,,0,
2025-09-27T14:02:30.978074,15,,person,0.952003538608551,148,202,506,479,0,0,False,,0,
2025-09-27T14:02:31.695403,16,,person,0.9562609791755676,146,202,503,479,0,0,False,,0,
2025-09-27T14:02:32.160047,17,,person,0.9574021100997925,148,202,505,479,0,0,False,,0,
2025-09-27T14:02:32.692359,18,,person,0.9548522233963013,148,201,504,479,0,0,False,,0,
2025-09-27T14:02:33.341093,19,,person,0.9552087783813477,148,201,504,479,0,0,False,,0,
2025-09-27T14:02:33.852350,20,,person,0.9558762907981873,147,203,504,479,0,0,False,,0,
2025-09-27T14:02:34.808781,21,,person,0.9531872272491455,147,202,503,479,0,0,False,,0,
2025-09-27T14:02:35.595528,22,,person,0.9511387348175049,148,198,509,479,0,0,False,,0,
2025-09-27T14:02:36.165567,23,,person,0.9468832015991211,148,196,508,479,0,0,False,,0,
2025-09-27T14:02:36.771471,24,,person,0.9403356313705444,145,195,518,479,0,0,False,,0,
2025-09-27T14:02:37.422903,25,,person,0.950789213180542,148,195,513,479,0,0,False,,0,
2025-09-27T14:02:37.976434,26,,person,0.9522532224655151,149,197,512,479,0,0,False,,0,
2025-09-27T14:02:38.494454,27,,person,0.9525337815284729,150,197,512,479,0,0,False,,0,
2025-09-27T14:02:39.125013,28,,person,0.949211597442627,150,197,513,479,0,0,False,,0,
2025-09-27T14:02:39.757779,29,,person,0.9501869678497314,150,198,513,479,0,0,False,,0,
2025-09-27T14:02:40.360988,30,,person,0.951637864112854,150,197,512,479,0,0,False,,0,
2025-09-27T14:02:40.969309,31,,person,0.9514877200126648,150,198,513,479,0,0,False,,0,
2025-09-27T14:02:41.692942,32,,person,0.9526272416114807,151,198,514,479,0,0,False,,0,
2025-09-27T14:02:42.511267,33,,person,0.951684832572937,151,198,513,479,0,0,False,,0,
2025-09-27T14:02:43.443678,34,,person,0.9519609808921814,151,198,515,479,0,0,False,,0,
2025-09-27T14:02:44.127111,35,,person,0.951447069644928,150,198,512,479,0,0,False,,0,
2025-09-27T14:02:44.730210,36,,person,0.9494240880012512,151,198,499,479,0,0,False,,0,
2025-09-27T14:02:45.427016,37,,person,0.9504594802856445,156,197,499,479,0,0,False,,0,
2025-09-27T14:02:45.906028,38,,person,0.9506475329399109,157,196,501,479,0,0,False,,0,
2025-09-27T14:02:46.405976,39,,person,0.9563648700714111,155,197,500,479,0,0,False,,0,
2025-09-27T14:02:47.212384,40,,person,0.9531205296516418,150,197,510,479,0,0,False,,0,
2025-09-27T14:02:47.797867,41,,person,0.9525890946388245,154,200,508,479,0,0,False,,0,
2025-09-27T14:02:48.432197,42,,person,0.9452351927757263,149,199,520,479,0,0,False,,0,
2025-09-27T14:02:49.099941,43,,person,0.9535750150680542,152,199,520,479,0,0,False,,0,
2025-09-27T14:02:49.741818,44,,person,0.9558284878730774,148,203,517,479,0,0,False,,0,
2025-09-27T14:02:50.188149,45,,person,0.9514670968055725,146,202,515,479,0,0,False,,0,
2025-09-27T14:02:50.812194,46,,person,0.9529215097427368,146,202,515,479,0,0,False,,0,
2025-09-27T14:02:51.443932,47,,person,0.95563805103302,147,203,515,479,0,0,False,,0,
2025-09-27T14:02:51.917853,48,,person,0.954670250415802,147,203,515,479,0,0,False,,0,
2025-09-27T14:02:52.447905,49,,person,0.9541471600532532,148,203,514,479,0,0,False,,0,
2025-09-27T14:02:53.029061,50,,person,0.9575368762016296,148,203,514,479,0,0,False,,0,
2025-09-27T14:02:53.665785,51,,person,0.956088125705719,148,203,515,479,0,0,False,,0,
2025-09-27T14:02:54.049899,52,,person,0.9534692168235779,149,203,515,479,0,0,False,,0,
2025-09-27T14:02:54.531030,53,,person,0.954175591468811,149,202,516,479,0,0,False,,0,
2025-09-27T14:02:55.002843,54,,person,0.9558410048484802,149,202,514,479,0,0,False,,0,
2025-09-27T14:02:55.447528,55,,person,0.953384518623352,149,201,513,479,0,0,False,,0,
2025-09-27T14:02:55.870433,56,,person,0.9513812065124512,149,201,515,479,0,0,False,,0,
2025-09-27T14:02:56.282161,57,,person,0.953981876373291,149,201,513,479,0,0,False,,0,
2025-09-27T14:02:56.704537,58,,person,0.9511755108833313,149,201,513,479,0,0,False,,0,
2025-09-27T14:02:57.140211,59,,person,0.9521719217300415,149,201,514,479,0,0,False,,0,
2025-09-27T14:02:57.731242,60,,person,0.9520231485366821,149,201,513,479,0,0,False,,0,
2025-09-27T14:02:58.158417,61,,person,0.9523003697395325,149,201,512,479,0,0,False,,0,
2025-09-27T14:02:58.657363,62,,person,0.95225590467453,149,201,511,479,0,0,False,,0,
2025-09-27T14:02:59.231783,63,,person,0.9518418312072754,150,201,510,479,0,0,False,,0,
2025-09-27T14:02:59.824983,64,,person,0.9520447254180908,149,202,509,479,0,0,False,,0,
2025-09-27T14:03:00.419914,65,,person,0.95047926902771,149,203,510,479,0,0,False,,0,
2025-09-27T14:03:00.964600,66,,person,0.9508766531944275,150,201,510,479,0,0,False,,0,
2025-09-27T14:03:01.683831,67,,person,0.9515206813812256,151,200,511,479,0,0,False,,0,
2025-09-27T14:03:02.399268,68,,person,0.9490725994110107,149,198,512,479,0,0,False,,0,
2025-09-27T14:03:03.090466,69,,person,0.9511986970901489,150,198,510,479,0,0,False,,0,
2025-09-27T14:03:03.741671,70,,person,0.9505941271781921,150,198,509,479,0,0,False,,0,
2025-09-27T14:03:04.201192,71,,person,0.9503970146179199,150,198,509,479,0,0,False,,0,
2025-09-27T14:03:04.752906,72,,person,0.949381411075592,151,198,509,479,0,0,False,,0,
2025-09-27T14:03:05.406099,73,,person,0.9475084543228149,151,198,509,479,0,0,False,,0,
2025-09-27T14:03:05.947154,74,,person,0.9493076205253601,151,198,508,479,0,0,False,,0,
2025-09-27T14:03:06.472037,75,,person,0.9489771723747253,150,199,507,479,0,0,False,,0,
2025-09-27T14:03:07.216016,76,,person,0.9506776928901672,151,200,509,479,0,0,False,,0,
2025-09-27T14:03:07.763091,77,,person,0.9515419006347656,162,200,510,479,0,0,False,,0,
2025-09-27T14:03:08.282249,78,,person,0.9487327933311462,146,200,511,479,0,0,False,,0,
2025-09-27T14:03:08.902845,79,,person,0.9522899389266968,151,202,511,479,0,0,False,,0,
2025-09-27T14:03:09.626565,80,,person,0.9515811204910278,147,202,512,479,0,0,False,,0,
2025-09-27T14:03:10.128778,81,,person,0.9546877145767212,148,203,512,479,0,0,False,,0,
2025-09-27T14:03:10.893089,82,,person,0.9475640058517456,146,204,510,479,0,0,False,,0,
2025-09-27T14:03:11.638028,83,,person,0.9569208025932312,149,208,509,479,0,0,False,,0,
2025-09-27T14:03:12.120574,84,,person,0.9497688412666321,151,215,507,479,0,0,False,,0,
2025-09-27T14:03:12.793336,85,,person,0.952563464641571,149,215,504,479,0,0,False,,0,
2025-09-27T14:03:13.459691,86,,person,0.9532989263534546,149,215,505,479,0,0,False,,0,
2025-09-27T14:03:13.980421,87,,person,0.9548312425613403,149,213,506,479,0,0,False,,0,
2025-09-27T14:03:14.576770,88,,person,0.9556723237037659,148,213,505,479,0,0,False,,0,
2025-09-27T14:03:15.200852,89,,person,0.9542701244354248,148,213,506,479,0,0,False,,0,
2025-09-27T14:03:15.793163,90,,person,0.9571310877799988,148,213,505,479,0,0,False,,0,
2025-09-27T14:03:16.234346,91,,person,0.9566161036491394,149,213,505,479,0,0,False,,0,
2025-09-27T14:03:16.842052,92,,person,0.9552399516105652,148,213,505,479,0,0,False,,0,
2025-09-27T14:03:17.947763,93,,person,0.9560922384262085,149,213,505,479,0,0,False,,0,
2025-09-27T14:03:18.512649,94,,person,0.9569128155708313,151,212,505,479,0,0,False,,0,
2025-09-27T14:03:19.195659,95,,person,0.9556099772453308,151,212,506,479,0,0,False,,0,
2025-09-27T14:03:19.817800,96,,person,0.9521534442901611,148,209,502,479,0,0,False,,0,
2025-09-27T14:03:20.194610,97,,person,0.951776385307312,147,207,499,479,0,0,False,,0,
2025-09-27T14:03:20.699966,98,,person,0.9509204030036926,145,205,499,479,0,0,False,,0,
2025-09-27T14:03:21.345046,99,,person,0.9484519362449646,143,202,498,479,0,0,False,,0,
2025-09-27T14:03:21.964168,100,,person,0.9416308403015137,141,199,498,479,0,0,False,,0,
2025-09-27T14:03:22.366904,101,,person,0.940617561340332,140,199,498,479,0,0,False,,0,
2025-09-27T14:03:22.734451,102,,person,0.9458999633789062,140,198,500,479,0,0,False,,0,
2025-09-27T14:03:23.334588,103,,person,0.9524106383323669,149,196,505,479,0,0,False,,0,
2025-09-27T14:03:23.897290,104,,person,0.9473186731338501,145,198,510,479,0,0,False,,0,
2025-09-27T14:03:24.227306,105,,person,0.954960286617279,147,202,502,479,0,0,False,,0,
2025-09-27T14:03:24.817954,106,,person,0.9564908146858215,148,203,501,479,0,0,False,,0,
2025-09-27T14:03:25.352312,107,,person,0.9589613080024719,148,204,502,479,0,0,False,,0,
2025-09-27T14:03:25.733696,108,,person,0.9545038938522339,147,207,510,479,0,0,False,,0,
2025-09-27T14:03:26.111109,109,,person,0.957911491394043,149,209,508,479,0,0,False,,0,
2025-09-27T14:03:26.870630,110,,person,0.9549742937088013,148,208,509,479,0,0,False,,0,
2025-09-27T14:03:27.432789,111,,person,0.9520732760429382,147,207,505,479,0,0,False,,0,
2025-09-27T14:03:27.908842,112,,person,0.9515011310577393,145,207,505,479,0,0,False,,0,
2025-09-27T14:03:28.352627,113,,person,0.9542944431304932,146,206,505,479,0,0,False,,0,
2025-09-27T14:03:28.742856,114,,person,0.9513281583786011,146,206,508,479,0,0,False,,0,
2025-09-27T14:03:29.125365,115,,person,0.9510464072227478,146,205,506,479,0,0,False,,0,
2025-09-27T14:03:29.456776,116,,person,0.9561105370521545,146,205,506,479,0,0,False,,0,
2025-09-27T14:03:29.847481,117,,person,0.9559939503669739,148,206,510,479,0,0,False,,0,
2025-09-27T14:03:30.102916,118,,person,0.9566023945808411,149,207,511,479,0,0,False,,0,
2025-09-27T14:03:30.549532,119,,person,0.9567327499389648,148,207,510,479,0,0,False,,0,
2025-09-27T14:03:31.122199,120,,person,0.9541304707527161,149,206,509,479,0,0,False,,0,
2025-09-27T14:03:31.475408,121,,person,0.9530683159828186,147,206,509,479,0,0,False,,0,
2025-09-27T14:03:31.929099,122,,person,0.9485149383544922,146,205,510,479,0,0,False,,0,
2025-09-27T14:03:32.444824,123,,person,0.945958137512207,145,204,508,479,0,0,False,,0,
2025-09-27T14:03:32.762644,124,,person,0.9503147602081299,145,204,508,479,0,0,False,,0,
2025-09-27T14:03:33.165390,125,,person,0.9533388614654541,145,204,507,479,0,0,False,,0,
2025-09-27T14:03:33.544485,126,,person,0.9524438381195068,145,205,507,479,0,0,False,,0,
2025-09-27T14:03:34.114817,127,,person,0.9526735544204712,145,204,505,479,0,0,False,,0,
2025-09-27T14:03:35.129652,128,,person,0.9525119662284851,145,204,506,479,0,0,False,,0,
2025-09-27T14:03:35.796275,129,,person,0.9522619843482971,146,204,507,479,0,0,False,,0,
2025-09-27T14:03:36.520712,130,,person,0.9507220983505249,146,204,506,479,0,0,False,,0,
2025-09-27T14:03:55.940892,1,,person,0.9504294395446777,145,204,507,479,0,0,False,,0,
2025-09-27T14:04:08.664946,2,,person,0.951513946056366,142,205,498,479,0,0,False,,0,
2025-09-27T14:04:12.281442,3,,person,0.9458099603652954,142,205,497,479,0,0,False,,0,
2025-09-27T14:04:27.564611,4,,person,0.956841230392456,145,209,497,479,0,0,False,,0,
2025-09-27T14:07:24.543480,1,,person,0.9577623009681702,133,202,490,479,0,0,False,,0,
2025-09-27T14:07:24.851766,2,,person,0.948931872844696,137,207,489,479,0,0,False,,0,
2025-09-27T14:07:25.290146,3,,person,0.9486417174339294,137,207,489,479,0,0,False,,0,
2025-09-27T14:07:25.777307,4,,person,0.9474227428436279,137,207,490,479,0,0,False,,0,
2025-09-27T14:07:26.217924,5,,person,0.9516584873199463,137,207,489,479,0,0,False,,0,
2025-09-27T14:07:26.848958,6,,person,0.9484263062477112,138,207,489,479,0,0,False,,0,
2025-09-27T14:07:27.384875,7,,person,0.9514651894569397,138,207,489,479,0,0,False,,0,
2025-09-27T14:07:27.884165,8,,person,0.9518315196037292,137,208,489,479,0,0,False,,0,
2025-09-27T14:07:28.483383,9,,person,0.9520641565322876,136,208,489,479,0,0,False,,0,
2025-09-27T14:07:29.115310,10,,person,0.9506104588508606,138,207,489,479,0,0,False,,0,
2025-09-27T14:07:29.614620,11,,person,0.9487535953521729,138,207,489,479,0,0,False,,0,
2025-09-27T14:07:30.223523,12,,person,0.9493946433067322,138,208,489,479,0,0,False,,0,
2025-09-27T14:07:30.813064,13,,person,0.9507220983505249,135,208,488,479,0,0,False,,0,
2025-09-27T14:07:31.300274,14,,person,0.9505654573440552,133,208,488,479,0,0,False,,0,
2025-09-27T14:07:31.927957,15,,person,0.94898521900177,133,208,489,479,0,0,False,,0,
2025-09-27T14:07:32.547594,16,,person,0.9481432437896729,132,220,487,479,0,0,False,,0,
2025-09-27T14:07:33.059254,17,,person,0.927961528301239,128,230,478,479,0,0,False,,0,
2025-09-27T14:07:33.698130,18,,person,0.906909167766571,112,238,459,479,0,0,False,,0,
2025-09-27T14:07:34.226471,19,,person,0.9110967516899109,113,236,450,479,0,0,False,,0,
2025-09-27T14:07:34.784366,20,,person,0.9296706318855286,126,226,475,479,0,0,False,,0,
2025-09-27T14:07:35.430537,21,,person,0.9491870999336243,148,224,488,479,0,0,False,,0,
2025-09-27T14:07:35.930325,22,,person,0.931816041469574,137,220,489,479,0,0,False,,0,
2025-09-27T14:07:36.500124,23,,person,0.9424375891685486,146,224,478,479,0,0,False,,0,
2025-09-27T14:07:37.127301,24,,person,0.9433065056800842,137,217,484,479,0,0,False,,0,
2025-09-27T14:07:37.651617,25,,person,0.9339330196380615,133,221,488,479,0,0,False,,0,
2025-09-27T14:07:38.146224,26,,person,0.9263525605201721,141,227,480,479,0,0,False,,0,
2025-09-27T14:07:38.818007,27,,person,0.941988468170166,142,227,483,479,0,0,False,,0,
2025-09-27T14:07:39.379417,28,,person,0.857966423034668,120,213,478,479,0,0,False,,0,
2025-09-27T14:07:39.976972,29,,person,0.9445606470108032,136,212,481,479,0,0,False,,0,
2025-09-27T14:07:40.585587,30,,person,0.9435519576072693,140,214,474,479,0,0,False,,0,
2025-09-27T14:07:41.057291,31,,person,0.9541393518447876,147,215,472,479,0,0,False,,0,
2025-09-27T14:07:41.690678,32,,person,0.8741770386695862,68,214,470,479,0,0,False,,0,
2025-09-27T14:07:42.233857,33,,person,0.9350771307945251,136,214,513,479,0,0,False,,0,
2025-09-27T14:07:42.717027,34,,person,0.8463718295097351,116,214,548,479,0,0,False,,0,
2025-09-27T14:07:43.306304,35,,person,0.8707388043403625,101,218,514,479,0,0,False,,0,
2025-09-27T14:07:44.179989,36,,person,0.8924860954284668,94,219,521,479,0,0,False,,0,
2025-09-27T14:07:44.849027,37,,person,0.875605046749115,63,220,546,479,0,0,False,,0,
2025-09-27T14:07:45.454437,38,,person,0.8314172625541687,80,219,608,479,0,0,False,,0,
2025-09-27T14:07:45.964449,39,,person,0.8643113374710083,80,224,567,479,0,0,False,,0,
2025-09-27T14:07:46.531905,40,,person,0.8837315440177917,77,225,554,479,0,0,False,,0,
2025-09-27T14:07:47.191706,41,,person,0.8627976775169373,67,226,573,479,0,0,False,,0,
2025-09-27T14:07:47.716574,42,,person,0.8661538362503052,31,225,580,479,0,0,False,,0,
2025-09-27T14:07:48.302084,43,,person,0.8707544207572937,77,224,590,479,0,0,False,,0,
2025-09-27T14:07:48.887799,44,,person,0.8698019981384277,47,220,599,479,0,0,False,,0,
2025-09-27T14:07:49.344833,45,,person,0.8819207549095154,75,223,574,479,0,0,False,,0,
2025-09-27T14:07:49.940894,46,,person,0.8601155281066895,35,226,584,479,0,0,False,,0,
2025-09-27T14:07:50.483517,47,,person,0.8779701590538025,55,226,580,479,0,0,False,,0,
2025-09-27T14:07:50.952392,48,,person,0.8691563606262207,62,225,585,479,0,0,False,,0,
2025-09-27T14:07:51.580315,49,,person,0.8761444091796875,75,226,576,479,0,0,False,,0,
2025-09-27T14:07:52.162642,50,,person,0.868119478225708,90,227,577,479,0,0,False,,0,
2025-09-27T14:07:52.624187,51,,person,0.8509369492530823,58,225,599,479,0,0,False,,0,
2025-09-27T14:07:53.278935,52,,person,0.8500562310218811,98,223,585,479,0,0,False,,0,
2025-09-27T14:07:53.741765,53,,person,0.9485170841217041,138,201,520,479,0,0,False,,0,
2025-09-27T14:07:54.153353,54,,person,0.9303758144378662,132,195,520,479,0,0,False,,0,
2025-09-27T14:07:54.661241,55,,person,0.9303554892539978,128,198,510,479,0,0,False,,0,
2025-09-27T14:07:55.295902,56,,person,0.9424902200698853,126,200,500,479,0,0,False,,0,
2025-09-27T14:07:55.818507,57,,person,0.9413881301879883,127,199,503,479,0,0,False,,0,
2025-09-27T14:07:56.308173,58,,person,0.9413447976112366,127,199,501,479,0,0,False,,0,
2025-09-27T14:07:56.828384,59,,person,0.941826581954956,128,200,501,479,0,0,False,,0,
2025-09-27T14:07:57.312252,60,,person,0.9390460252761841,128,199,502,479,0,0,False,,0,
2025-09-27T14:07:57.840145,61,,person,0.9382022619247437,128,200,503,479,0,0,False,,0,
2025-09-27T14:07:58.343874,62,,person,0.9378823041915894,128,200,503,479,0,0,False,,0,
2025-09-27T14:07:58.899715,63,,person,0.9377596378326416,128,201,501,479,0,0,False,,0,
2025-09-27T14:07:59.421828,64,,person,0.9350637197494507,128,200,503,479,0,0,False,,0,
2025-09-27T14:07:59.949440,65,,person,0.9310728311538696,129,200,505,479,0,0,False,,0,
2025-09-27T14:08:00.338151,66,,person,0.9323732852935791,132,204,506,479,0,0,False,,0,
2025-09-27T14:08:00.769646,67,,person,0.9328949451446533,139,206,524,479,0,0,False,,0,
2025-09-27T14:08:01.334740,68,,person,0.8762320876121521,143,189,545,479,0,0,False,,0,
2025-09-27T14:08:01.904937,69,,person,0.9313270449638367,144,176,533,479,0,0,False,,0,
2025-09-27T14:08:02.549606,70,,person,0.8459975719451904,139,186,535,479,0,0,False,,0,
2025-09-27T14:08:03.183138,71,,person,0.7983167171478271,144,197,586,479,0,0,False,,0,
2025-09-27T14:08:03.900818,72,,person,0.7644039392471313,141,198,567,479,0,0,False,,0,
2025-09-27T14:08:04.521497,73,,person,0.8003534078598022,139,196,588,479,0,0,False,,0,
2025-09-27T14:08:05.084992,74,,person,0.8278224468231201,139,187,627,479,0,0,False,,0,
2025-09-27T14:08:05.768971,75,,person,0.8658207058906555,138,201,633,479,0,0,False,,0,
2025-09-27T14:08:06.276277,76,,person,0.749891459941864,136,201,599,479,0,0,False,,0,
2025-09-27T14:08:06.870961,77,,person,0.9378554821014404,140,197,508,479,0,0,False,,0,
2025-09-27T14:08:07.527029,78,,person,0.9271918535232544,139,197,510,479,0,0,False,,0,
2025-09-27T14:08:08.032501,79,,person,0.9332942366600037,136,197,501,479,0,0,False,,0,
2025-09-27T14:08:08.652054,80,,person,0.9312781691551208,134,197,498,479,0,0,False,,0,
2025-09-27T14:08:09.314634,81,,person,0.9109219312667847,132,204,504,479,0,0,False,,0,
2025-09-27T14:08:09.855855,82,,person,0.9165529608726501,132,203,513,479,0,0,False,,0,
2025-09-27T14:08:10.447251,83,,person,0.8974024057388306,132,203,513,479,0,0,False,,0,
2025-09-27T14:08:11.078694,84,,person,0.9042006731033325,132,203,554,479,0,0,False,,0,
2025-09-27T14:08:11.691883,85,,person,0.7824354767799377,138,212,560,479,0,0,False,,0,
2025-09-27T14:08:12.253451,86,,person,0.8002884984016418,135,116,567,479,0,0,False,,0,
2025-09-27T14:08:12.914955,87,,person,0.8098786473274231,130,111,584,479,0,0,False,,0,
2025-09-27T14:08:13.525319,88,,person,0.8204178214073181,120,118,583,479,0,0,False,,0,
2025-09-27T14:08:14.114832,89,,person,0.8327453136444092,127,198,579,479,0,0,False,,0,
2025-09-27T14:08:14.732544,90,,person,0.8356603980064392,138,210,590,479,0,0,False,,0,
2025-09-27T14:08:15.297095,91,,person,0.8715229630470276,132,210,565,479,0,0,False,,0,
2025-09-27T14:08:15.951050,92,,person,0.9153170585632324,90,201,453,479,0,0,False,,0,
2025-09-27T14:08:17.153591,93,,person,0.926870584487915,1,178,413,479,0,0,False,,0,
2025-09-27T14:08:17.829549,94,,person,0.9180935621261597,1,170,414,479,0,0,False,,0,
2025-09-27T14:08:18.486075,95,,person,0.9178652167320251,1,171,415,479,0,0,False,,0,
2025-09-27T14:08:19.648487,96,,person,0.9134774804115295,1,172,409,479,0,0,False,,0,
2025-09-27T14:08:20.236032,97,,person,0.9054828882217407,11,173,429,479,0,0,False,,0,
2025-09-27T14:08:20.814439,98,,person,0.9133910536766052,0,174,422,479,0,0,False,,0,
2025-09-27T14:08:22.513668,99,,person,0.9256219267845154,0,174,418,479,0,0,False,,0,
2025-09-27T14:08:23.306793,100,,person,0.9224423766136169,1,174,400,479,0,0,False,,0,
2025-09-27T14:08:23.948156,101,,person,0.9229996204376221,1,174,402,479,0,0,False,,0,
2025-09-27T14:08:25.133693,102,,person,0.9252779483795166,1,174,403,479,0,0,False,,0,
2025-09-27T14:08:25.866544,103,,person,0.9268630146980286,0,173,406,479,0,0,False,,0,
2025-09-27T14:08:26.444443,104,,person,0.9277317523956299,0,174,406,479,0,0,False,,0,
2025-09-27T14:08:27.786399,105,,person,0.9279187321662903,1,174,405,479,0,0,False,,0,
2025-09-27T14:08:28.387142,106,,person,0.9251042008399963,1,180,410,479,0,0,False,,0,
2025-09-27T14:08:29.969284,107,,person,0.919052243232727,3,178,412,479,0,0,False,,0,
2025-09-27T14:08:30.448929,108,,person,0.9245967864990234,1,177,395,479,0,0,False,,0,
2025-09-27T14:08:31.114293,109,,person,0.9245190620422363,0,178,395,479,0,0,False,,0,
2025-09-27T14:08:32.418884,110,,person,0.930171549320221,1,178,396,479,0,0,False,,0,
2025-09-27T14:08:33.584148,111,,person,0.9097683429718018,0,177,400,479,0,0,False,,0,
2025-09-27T14:08:34.629581,112,,person,0.9174509048461914,0,177,399,479,0,0,False,,0,
2025-09-27T14:08:35.508129,113,,person,0.9193984270095825,1,181,432,479,0,0,False,,0,
2025-09-27T14:08:36.117195,114,,person,0.9543840289115906,150,200,519,479,0,0,False,,0,
2025-09-27T14:08:36.838721,115,,person,0.9489522576332092,152,208,516,479,0,0,False,,0,
2025-09-27T14:08:37.620673,116,,person,0.9336271286010742,140,208,503,479,0,0,False,,0,
2025-09-27T14:08:38.130999,117,,person,0.9388061165809631,139,207,502,479,0,0,False,,0,
2025-09-27T14:08:38.804412,118,,person,0.9370230436325073,136,206,502,479,0,0,False,,0,
2025-09-27T14:08:39.648585,119,,person,0.9403614401817322,136,206,502,479,0,0,False,,0,
2025-09-27T14:08:40.245788,120,,person,0.9382818937301636,136,205,502,479,0,0,False,,0,
2025-09-27T14:08:40.862498,121,,person,0.9380358457565308,135,203,503,479,0,0,False,,0,
2025-09-27T14:08:41.545106,122,,person,0.9305157661437988,136,202,501,479,0,0,False,,0,
2025-09-27T14:08:42.043645,123,,person,0.9349913597106934,134,199,509,479,0,0,False,,0,
2025-09-27T14:08:42.726025,124,,person,0.9412417411804199,138,203,506,479,0,0,False,,0,
2025-09-27T14:08:43.594692,125,,person,0.944023072719574,140,211,503,479,0,0,False,,0,
2025-09-27T14:08:44.164936,126,,person,0.9383549690246582,139,219,503,479,0,0,False,,0,
2025-09-27T14:08:45.016821,127,,person,0.9406970739364624,138,220,503,479,0,0,False,,0,
2025-09-27T14:08:45.742921,128,,person,0.9424027800559998,139,217,503,479,0,0,False,,0,
2025-09-27T14:08:46.246901,129,,person,0.9452405571937561,139,217,502,479,0,0,False,,0,
2025-09-27T14:08:46.812842,130,,person,0.9443783760070801,140,216,502,479,0,0,False,,0,
2025-09-27T14:08:47.488258,131,,person,0.9484651684761047,140,216,502,479,0,0,False,,0,
2025-09-27T14:08:47.994502,132,,person,0.9429680705070496,139,217,503,479,0,0,False,,0,
2025-09-27T14:08:48.495620,133,,person,0.9428907036781311,139,216,503,479,0,0,False,,0,
2025-09-27T14:08:49.176751,134,,person,0.9424183368682861,140,216,503,479,0,0,False,,0,
2025-09-27T14:08:49.799957,135,,person,0.9444721341133118,141,216,503,479,0,0,False,,0,
2025-09-27T14:08:50.238753,136,,person,0.9435840845108032,141,216,502,479,0,0,False,,0,
2025-09-27T14:08:50.878730,137,,person,0.9460409879684448,141,215,503,479,0,0,False,,0,
2025-09-27T14:08:51.513488,138,,person,0.9430265426635742,141,215,503,479,0,0,False,,0,
2025-09-27T14:08:52.034354,139,,person,0.9433079957962036,141,215,503,479,0,0,False,,0,
2025-09-27T14:08:52.582473,140,,person,0.9412062764167786,142,215,503,479,0,0,False,,0,
2025-09-27T14:08:53.144188,141,,person,0.9418547749519348,142,215,503,479,0,0,False,,0,
2025-09-27T14:08:53.847652,142,,person,0.942850649356842,142,215,503,479,0,0,False,,0,
2025-09-27T14:08:54.502901,143,,person,0.945201575756073,141,214,503,479,0,0,False,,0,
2025-09-27T14:08:55.141234,144,,person,0.9461703300476074,141,208,500,479,0,0,False,,0,
2025-09-27T14:08:55.708338,145,,person,0.9466251730918884,142,207,500,479,0,0,False,,0,
2025-09-27T14:08:56.158703,146,,person,0.93858402967453,141,205,499,479,0,0,False,,0,
2025-09-27T14:08:56.654244,147,,person,0.8073957562446594,140,200,556,479,0,0,False,,0,
2025-09-27T14:08:57.222085,148,,person,0.8677591681480408,136,210,586,479,0,0,False,,0,
2025-09-27T14:08:57.890379,149,,person,0.861717164516449,136,215,578,479,0,0,False,,0,
2025-09-27T14:08:58.434387,150,,person,0.8342126607894897,132,213,506,479,0,0,False,,0,
2025-09-27T14:08:59.098906,151,,person,0.9508659839630127,139,208,484,479,0,0,False,,0,
2025-09-27T14:08:59.792989,152,,person,0.9499878883361816,132,208,475,479,0,0,False,,0,
2025-09-27T14:09:00.487305,153,,person,0.9504275918006897,130,209,474,479,0,0,False,,0,
2025-09-27T14:09:01.170671,154,,person,0.9472855925559998,130,208,477,479,0,0,False,,0,
2025-09-27T14:09:01.806339,155,,person,0.945687472820282,131,209,480,479,0,0,False,,0,
2025-09-27T14:09:02.301363,156,,person,0.9505525231361389,131,208,480,479,0,0,False,,0,
2025-09-27T14:09:02.962870,157,,person,0.9477839469909668,132,208,480,479,0,0,False,,0,
2025-09-27T14:09:03.745896,158,,person,0.9523186087608337,132,208,480,479,0,0,False,,0,
2025-09-27T14:09:04.337660,159,,person,0.9519405961036682,132,208,482,479,0,0,False,,0,
2025-09-27T14:09:04.767625,160,,person,0.9504263997077942,132,208,482,479,0,0,False,,0,
2025-09-27T14:09:05.184655,161,,person,0.9484661221504211,132,208,482,479,0,0,False,,0,
2025-09-27T14:09:05.550506,162,,person,0.9505791068077087,132,208,481,479,0,0,False,,0,
2025-09-27T14:09:05.966024,163,,person,0.9504940509796143,132,207,486,479,0,0,False,,0,
2025-09-27T14:09:06.484357,164,,person,0.9440363645553589,135,205,493,479,0,0,False,,0,
2025-09-27T14:09:06.848686,165,,person,0.9399564266204834,143,206,492,479,0,0,False,,0,
2025-09-27T14:09:07.304756,166,,person,0.9499834775924683,157,208,494,479,0,0,False,,0,
2025-09-27T14:09:07.811485,167,,person,0.9517654180526733,159,210,499,479,0,0,False,,0,
2025-09-27T14:09:08.123700,168,,person,0.9387837052345276,147,213,494,479,0,0,False,,0,
2025-09-27T14:09:08.491140,169,,person,0.9317025542259216,137,211,477,479,0,0,False,,0,
2025-09-27T14:09:08.702652,170,,person,0.9339926242828369,128,224,462,479,0,0,False,,0,
2025-09-27T14:09:08.951038,171,,person,0.9264243841171265,127,229,455,479,0,0,False,,0,
2025-09-27T14:09:09.215286,172,,person,0.9178813099861145,125,228,452,479,0,0,False,,0,
2025-09-27T14:09:09.501620,173,,person,0.9127376079559326,123,227,451,479,0,0,False,,0,
2025-09-27T14:09:09.802830,174,,person,0.9163331985473633,123,227,451,479,0,0,False,,0,
2025-09-27T14:09:10.045989,175,,person,0.8560646176338196,125,228,472,479,0,0,False,,0,
2025-09-27T14:09:10.268294,176,,person,0.9499735236167908,128,225,473,479,0,0,False,,0,
2025-09-27T14:09:10.500431,177,,person,0.9510378241539001,134,215,486,479,0,0,False,,0,
2025-09-27T14:09:10.799893,178,,person,0.9501689076423645,134,210,490,479,0,0,False,,0,
2025-09-27T14:09:11.153416,179,,person,0.953525722026825,130,208,489,479,0,0,False,,0,
2025-09-27T14:09:11.479808,180,,person,0.9491750597953796,128,209,489,479,0,0,False,,0,
2025-09-27T14:09:11.781911,181,,person,0.9507712125778198,126,210,486,479,0,0,False,,0,
2025-09-27T14:09:12.050035,182,,person,0.9520764946937561,126,210,485,479,0,0,False,,0,
2025-09-27T14:09:12.291135,183,,person,0.9527369737625122,127,210,484,479,0,0,False,,0,
2025-09-27T14:09:12.556403,184,,person,0.9510676860809326,127,210,484,479,0,0,False,,0,
2025-09-27T14:09:13.164242,185,,person,0.9540695548057556,126,210,485,479,0,0,False,,0,
2025-09-27T14:09:13.623137,186,,person,0.9517013430595398,127,210,485,479,0,0,False,,0,
2025-09-27T14:09:14.014180,187,,person,0.9417727589607239,132,202,496,479,0,0,False,,0,
2025-09-27T14:09:14.367913,188,,person,0.9351447820663452,134,197,500,479,0,0,False,,0,
2025-09-27T14:09:14.736806,189,,person,0.9362053871154785,137,198,501,479,0,0,False,,0,
2025-09-27T14:09:15.147466,190,,person,0.9458653330802917,145,207,502,479,0,0,False,,0,
2025-09-27T14:09:15.622582,191,,person,0.9512423872947693,157,212,512,479,0,0,False,,0,
2025-09-27T14:09:16.011512,192,,person,0.9493065476417542,160,212,514,479,0,0,False,,0,
2025-09-27T14:09:16.363197,193,,person,0.9393110275268555,153,212,508,479,0,0,False,,0,
2025-09-27T14:09:16.721784,194,,person,0.9389171600341797,150,212,502,479,0,0,False,,0,
2025-09-27T14:09:17.087774,195,,person,0.9414566159248352,149,212,501,479,0,0,False,,0,
2025-09-27T14:09:17.513180,196,,person,0.9484302997589111,149,212,502,479,0,0,False,,0,
2025-09-27T14:09:17.897062,197,,person,0.9459906220436096,149,212,502,479,0,0,False,,0,
2025-09-27T14:09:18.222458,198,,person,0.9463472962379456,152,213,502,479,0,0,False,,0,
2025-09-27T14:09:18.556498,199,,person,0.9425713419914246,152,213,504,479,0,0,False,,0,
2025-09-27T14:09:18.950336,200,,person,0.9455022215843201,152,213,502,479,0,0,False,,0,
2025-09-27T14:09:19.349025,201,,person,0.9498980641365051,152,213,503,479,0,0,False,,0,
2025-09-27T14:09:19.770982,202,,person,0.9471513628959656,152,212,504,479,0,0,False,,0,
2025-09-27T14:09:20.163051,203,,person,0.9517780542373657,152,213,503,479,0,0,False,,0,
2025-09-27T14:09:20.446916,204,,person,0.9470192193984985,151,212,502,479,0,0,False,,0,
2025-09-27T14:09:20.695169,205,,person,0.9424806237220764,149,213,500,479,0,0,False,,0,
2025-09-27T14:09:20.947645,206,,person,0.9404272437095642,148,212,499,479,0,0,False,,0,
2025-09-27T14:09:21.178948,207,,person,0.9452476501464844,149,211,502,479,0,0,False,,0,
2025-09-27T14:09:21.432490,208,,person,0.9444783926010132,149,211,504,479,0,0,False,,0,
2025-09-27T14:09:21.647506,209,,person,0.9501296281814575,157,208,510,479,0,0,False,,0,
2025-09-27T14:09:21.847910,210,,person,0.9459234476089478,161,207,511,479,0,0,False,,0,
2025-09-27T14:09:22.061377,211,,person,0.94113689661026,165,207,515,479,0,0,False,,0,
